"Class","Order","Family","Genus","Species","Study","Mass","FMR","Log10Mass","Log10FMR"
"Mammalia","Carnivora","Odobenidae","Odobenus","rosmarus","Acquarone et al 2006",1370,345000,3.13672056715641,5.53781909507327
"Mammalia","Carnivora","Odobenidae","Odobenus","rosmarus","Acquarone et al 2006",1250,417400,3.09691001300806,5.62055244472944
"Mammalia","Carnivora","Otariidae","Arctocephalus","gazella","Arnould et al 1996",32.75,17430.336,1.5152113043278,4.24130575897112
"Mammalia","Carnivora","Otariidae","Arctocephalus","gazella","Arnould et al 1996",45.5,20049.12,1.65801139665711,4.30209531523394
"Mammalia","Carnivora","Otariidae","Arctocephalus","gazella","Arnould et al 1996",38.5,22952.16,1.5854607295085,4.36082356272465
"Mammalia","Carnivora","Otariidae","Arctocephalus","gazella","Arnould et al 1996",40.5,26453.952,1.60745502321467,4.42249056119477
"Mammalia","Carnivora","Otariidae","Arctocephalus","gazella","Arnould et al 1996",39,16174.08,1.5910646070265,4.20881958688098
"Mammalia","Carnivora","Otariidae","Arctocephalus","gazella","Arnould et al 1996",32.25,21594.6,1.50852971897129,4.33434516395649
"Mammalia","Carnivora","Otariidae","Arctocephalus","gazella","Arnould et al 1996",37.25,18956.376,1.57112627708431,4.27775531435031
"Mammalia","Carnivora","Otariidae","Arctocephalus","gazella","Arnould et al 1996",37.25,17829.936,1.57112627708431,4.25114978429164
"Mammalia","Carnivora","Otariidae","Arctocephalus","gazella","Arnould et al 1996",28.25,12521.304,1.45101845215546,4.09764955974617
"Mammalia","Chiroptera","Phyllostomidae","Macrotus","californicus","Bell et al 1986",0.0133,19.4421528,-1.87614835903291,1.28874435202009
"Mammalia","Chiroptera","Phyllostomidae","Macrotus","californicus","Bell et al 1986",0.0125,19.8918,-1.90308998699194,1.29867408401419
"Mammalia","Chiroptera","Phyllostomidae","Macrotus","californicus","Bell et al 1986",0.0129,20.687472,-1.88941028970075,1.31570742331297
"Mammalia","Chiroptera","Phyllostomidae","Macrotus","californicus","Bell et al 1986",0.0113,24.9520272,-1.94692155651658,1.39710583517019
"Mammalia","Chiroptera","Phyllostomidae","Macrotus","californicus","Bell et al 1986",0.0117,24.3198072,-1.93181413825384,1.3859601276604
"Mammalia","Chiroptera","Phyllostomidae","Macrotus","californicus","Bell et al 1986",0.0126,23.5481904,-1.89962945488244,1.37195753866277
"Mammalia","Chiroptera","Phyllostomidae","Macrotus","californicus","Bell et al 1986",0.0137,29.2375536,-1.86327943284359,1.46594103099208
"Mammalia","Chiroptera","Phyllostomidae","Macrotus","californicus","Bell et al 1986",0.0125,26.3682,-1.90308998699194,1.42108048410709
"Mammalia","Chiroptera","Phyllostomidae","Macrotus","californicus","Bell et al 1986",0.0132,12.2940576,-1.87942606879415,1.08969524354192
"Mammalia","Chiroptera","Phyllostomidae","Macrotus","californicus","Bell et al 1986",0.0133,19.278084,-1.87614835903291,1.28506386828172
"Mammalia","Chiroptera","Phyllostomidae","Macrotus","californicus","Bell et al 1986",0.0134,17.1914496,-1.87289520163519,1.23531249837047
"Mammalia","Chiroptera","Phyllostomidae","Macrotus","californicus","Bell et al 1986",0.0125,24.2094,-1.90308998699194,1.38398402612417
"Mammalia","Chiroptera","Phyllostomidae","Macrotus","californicus","Bell et al 1986",0.014,20.120016,-1.85387196432176,1.30362832174716
"Mammalia","Chiroptera","Phyllostomidae","Macrotus","californicus","Bell et al 1986",0.0128,19.6586496,-1.89279003035213,1.29355368178651
"Mammalia","Chiroptera","Phyllostomidae","Macrotus","californicus","Bell et al 1986",0.0143,26.46072,-1.84466396253494,1.42260165722762
"Mammalia","Chiroptera","Phyllostomidae","Macrotus","californicus","Bell et al 1986",0.0133,26.3330424,-1.87614835903291,1.42050103841486
"Mammalia","Rodentia","Cricetidae","Microtus","pennsylvanicus","Berteaux et al 1996",0.0366,113,-1.43651891460559,2.05307844348342
"Mammalia","Rodentia","Cricetidae","Microtus","pennsylvanicus","Berteaux et al 1996",0.0393,115.6,-1.40560744962457,2.06295783408451
"Mammalia","Rodentia","Cricetidae","Microtus","pennsylvanicus","Berteaux et al 1996",0.0345,111.2,-1.46218090492673,2.04610478724604
"Mammalia","Rodentia","Cricetidae","Microtus","pennsylvanicus","Berteaux et al 1996",0.0354,98.2,-1.45099673797421,1.99211148778695
"Mammalia","Rodentia","Cricetidae","Microtus","pennsylvanicus","Berteaux et al 1996",0.0304,78.5,-1.51712641639125,1.89486965674525
"Mammalia","Rodentia","Cricetidae","Microtus","pennsylvanicus","Berteaux et al 1996",0.0356,84,-1.44855000202712,1.92427928606188
"Mammalia","Rodentia","Cricetidae","Microtus","pennsylvanicus","Berteaux et al 1996",0.0368,113.9,-1.43415218132648,2.0565237240791
"Mammalia","Rodentia","Cricetidae","Microtus","pennsylvanicus","Berteaux et al 1996",0.0328,100.1,-1.48412615628832,2.00043407747932
"Mammalia","Rodentia","Cricetidae","Microtus","pennsylvanicus","Berteaux et al 1996",0.0349,110.2,-1.45717457304082,2.04218159451577
"Mammalia","Rodentia","Cricetidae","Microtus","pennsylvanicus","Berteaux et al 1996",0.0349,64,-1.45717457304082,1.80617997398389
"Mammalia","Rodentia","Cricetidae","Microtus","pennsylvanicus","Berteaux et al 1996",0.0408,115.6,-1.38933983691012,2.06295783408451
"Mammalia","Diprotodontia","Tarsipedidae","Tarsipes","rostratus","Bradshaw & Bradshaw 1999",0.0069,8.6,-2.16115090926274,0.934498451243568
"Mammalia","Diprotodontia","Tarsipedidae","Tarsipes","rostratus","Bradshaw & Bradshaw 1999",0.0101,27,-1.99567862621736,1.43136376415899
"Mammalia","Diprotodontia","Tarsipedidae","Tarsipes","rostratus","Bradshaw & Bradshaw 1999",0.0068,18.1,-2.16749108729376,1.25767857486918
"Mammalia","Diprotodontia","Tarsipedidae","Tarsipes","rostratus","Bradshaw & Bradshaw 1999",0.0072,13.5,-2.14266750356873,1.13033376849501
"Mammalia","Diprotodontia","Tarsipedidae","Tarsipes","rostratus","Bradshaw & Bradshaw 1999",0.0089,23.9,-2.05060999335509,1.37839790094814
"Mammalia","Diprotodontia","Tarsipedidae","Tarsipes","rostratus","Bradshaw & Bradshaw 1999",0.0144,50.1,-1.84163750790475,1.69983772586725
"Mammalia","Diprotodontia","Tarsipedidae","Tarsipes","rostratus","Bradshaw & Bradshaw 1999",0.0088,31.9,-2.05551732784983,1.50379068305718
"Mammalia","Diprotodontia","Tarsipedidae","Tarsipes","rostratus","Bradshaw & Bradshaw 1999",0.0111,21.1,-1.95467702121334,1.32428245529769
"Mammalia","Diprotodontia","Tarsipedidae","Tarsipes","rostratus","Bradshaw & Bradshaw 1999",0.0082,9.8,-2.08618614761628,0.991226075692495
"Mammalia","Diprotodontia","Tarsipedidae","Tarsipes","rostratus","Bradshaw & Bradshaw 1999",0.011,23,-1.95860731484178,1.36172783601759
"Mammalia","Diprotodontia","Tarsipedidae","Tarsipes","rostratus","Bradshaw & Bradshaw 1999",0.0082,16.1,-2.08618614761628,1.20682587603185
"Mammalia","Diprotodontia","Tarsipedidae","Tarsipes","rostratus","Bradshaw & Bradshaw 1999",0.008,10.4,-2.09691001300806,1.01703333929878
"Mammalia","Diprotodontia","Tarsipedidae","Tarsipes","rostratus","Bradshaw & Bradshaw 1999",0.0087,22.7,-2.06048074738138,1.35602585719312
"Mammalia","Diprotodontia","Tarsipedidae","Tarsipes","rostratus","Bradshaw & Bradshaw 1999",0.008,28.4,-2.09691001300806,1.45331834004704
"Mammalia","Diprotodontia","Tarsipedidae","Tarsipes","rostratus","Bradshaw & Bradshaw 1999",0.007,48.4,-2.15490195998574,1.68484536164441
"Mammalia","Diprotodontia","Tarsipedidae","Tarsipes","rostratus","Bradshaw & Bradshaw 1999",0.0074,16.7,-2.13076828026902,1.22271647114758
"Mammalia","Diprotodontia","Tarsipedidae","Tarsipes","rostratus","Bradshaw & Bradshaw 1999",0.0071,32.6,-2.14874165128092,1.51321760006794
"Mammalia","Diprotodontia","Tarsipedidae","Tarsipes","rostratus","Bradshaw & Bradshaw 1999",0.0098,55.05,-2.00877392430751,1.74075732330777
"Mammalia","Diprotodontia","Tarsipedidae","Tarsipes","rostratus","Bradshaw & Bradshaw 1999",0.01,16.3,-2,1.21218760440396
"Mammalia","Diprotodontia","Tarsipedidae","Tarsipes","rostratus","Bradshaw & Bradshaw 1999",0.0109,20.6,-1.96257350205938,1.31386722036915
"Mammalia","Diprotodontia","Tarsipedidae","Tarsipes","rostratus","Bradshaw & Bradshaw 1999",0.0062,55.4,-2.20760831050175,1.74350976472843
"Mammalia","Rodentia","Sciuridae","Sciurus","carolinensis","Bryce et al 2001",0.653,1150,-0.185086818724926,3.06069784035361
"Mammalia","Rodentia","Sciuridae","Sciurus","carolinensis","Bryce et al 2001",0.668,523,-0.175223537524454,2.71850168886727
"Mammalia","Rodentia","Sciuridae","Sciurus","carolinensis","Bryce et al 2001",0.63,479,-0.200659450546418,2.68033551341456
"Mammalia","Rodentia","Sciuridae","Sciurus","carolinensis","Bryce et al 2001",0.634,428,-0.197910742118267,2.63144376901317
"Mammalia","Rodentia","Sciuridae","Sciurus","carolinensis","Bryce et al 2001",0.655,420,-0.183758700008217,2.6232492903979
"Mammalia","Rodentia","Sciuridae","Sciurus","carolinensis","Bryce et al 2001",0.585,556,-0.23284413391782,2.74507479158206
"Mammalia","Rodentia","Sciuridae","Sciurus","carolinensis","Bryce et al 2001",0.585,473,-0.23284413391782,2.67486114073781
"Mammalia","Rodentia","Sciuridae","Sciurus","carolinensis","Bryce et al 2001",0.565,543,-0.247951552180562,2.73479982958885
"Mammalia","Rodentia","Sciuridae","Sciurus","carolinensis","Bryce et al 2001",0.537,461,-0.270025714300444,2.66370092538965
"Mammalia","Rodentia","Sciuridae","Sciurus","carolinensis","Bryce et al 2001",0.537,314,-0.270025714300444,2.49692964807321
"Mammalia","Rodentia","Sciuridae","Sciurus","carolinensis","Bryce et al 2001",0.497,328,-0.303643611266668,2.51587384371168
"Mammalia","Rodentia","Sciuridae","Sciurus","carolinensis","Bryce et al 2001",0.634,857,-0.197910742118267,2.9329808219232
"Mammalia","Rodentia","Sciuridae","Sciurus","carolinensis","Bryce et al 2001",0.517,450,-0.286509456906058,2.65321251377534
"Mammalia","Rodentia","Sciuridae","Sciurus","carolinensis","Bryce et al 2001",0.448,581,-0.348721986001856,2.76417613239033
"Mammalia","Rodentia","Sciuridae","Sciurus","carolinensis","Bryce et al 2001",0.432,554,-0.364516253185088,2.74350976472843
"Mammalia","Rodentia","Sciuridae","Sciurus","carolinensis","Bryce et al 2001",0.695,638,-0.158015195409886,2.80482067872116
"Mammalia","Rodentia","Sciuridae","Sciurus","carolinensis","Bryce et al 2001",0.643,712,-0.191789027075778,2.85247999363686
"Mammalia","Rodentia","Sciuridae","Sciurus","carolinensis","Bryce et al 2001",0.605,700,-0.218244625347531,2.84509804001426
"Mammalia","Rodentia","Sciuridae","Sciurus","carolinensis","Bryce et al 2001",0.6,700,-0.221848749616356,2.84509804001426
"Mammalia","Rodentia","Sciuridae","Sciurus","carolinensis","Bryce et al 2001",0.579,691,-0.237321436272564,2.8394780473742
"Mammalia","Rodentia","Sciuridae","Sciurus","carolinensis","Bryce et al 2001",0.634,606,-0.197910742118267,2.78247262416629
"Mammalia","Rodentia","Sciuridae","Sciurus","carolinensis","Bryce et al 2001",0.595,605,-0.22548303427145,2.78175537465247
"Mammalia","Dasyuromorphia","Myrmecobiidae","Myrmecobius","fasciatus","Cooper et al 2003",0.547,309.5,-0.262012673666569,2.49066065335614
"Mammalia","Dasyuromorphia","Myrmecobiidae","Myrmecobius","fasciatus","Cooper et al 2003",0.408,198.8,-0.38933983691012,2.29841638006129
"Mammalia","Dasyuromorphia","Myrmecobiidae","Myrmecobius","fasciatus","Cooper et al 2003",0.522,211.7,-0.282329496997738,2.32572085801941
"Mammalia","Dasyuromorphia","Myrmecobiidae","Myrmecobius","fasciatus","Cooper et al 2003",0.428,262.2,-0.368556230986828,2.41863268735407
"Mammalia","Dasyuromorphia","Myrmecobiidae","Myrmecobius","fasciatus","Cooper et al 2003",0.52,362.5,-0.283996656365201,2.55930801090701
"Mammalia","Carnivora","Otariidae","Phocarctos","hookeri","Costa & Gales 2000",131.3,50368.7808,2.11826472608948,4.70216143868299
"Mammalia","Carnivora","Otariidae","Phocarctos","hookeri","Costa & Gales 2000",84.4,51774.336,1.92634244662566,4.71411453782362
"Mammalia","Carnivora","Otariidae","Phocarctos","hookeri","Costa & Gales 2000",109.4,51608.7936,2.03901732199741,4.71272370718104
"Mammalia","Carnivora","Otariidae","Phocarctos","hookeri","Costa & Gales 2000",106.7,50796.0288,2.02816441942447,4.70582976075515
"Mammalia","Carnivora","Otariidae","Phocarctos","hookeri","Costa & Gales 2000",123.85,54038.232,2.09289601092186,4.73270113151941
"Mammalia","Carnivora","Otariidae","Phocarctos","hookeri","Costa & Gales 2000",105.5,47034.432,2.02325245963371,4.67241590373982
"Mammalia","Carnivora","Otariidae","Phocarctos","hookeri","Costa & Gales 2000",119.8,57032.4672,2.07845681805329,4.75612215938397
"Mammalia","Carnivora","Otariidae","Phocarctos","hookeri","Costa & Gales 2000",109.3,54300.24,2.0386201619497,4.73480174911823
"Mammalia","Carnivora","Otariidae","Phocarctos","hookeri","Costa & Gales 2000",109.4,47544.3648,2.03901732199741,4.67709904953223
"Mammalia","Carnivora","Otariidae","Phocarctos","hookeri","Costa & Gales 2000",118.9,56193.0912,2.07518185461869,4.74968292343102
"Mammalia","Carnivora","Otariidae","Phocarctos","hookeri","Costa & Gales 2000",154.8,62192.448,2.18977095634687,4.79373765171572
"Mammalia","Carnivora","Otariidae","Phocarctos","hookeri","Costa & Gales 2000",93.6,52970.112,1.97127584873811,4.72403089120878
"Mammalia","Carnivora","Otariidae","Arctocephalus","galapagoensis","Costa & Trillmich 1988",31.925,6868.2168,1.50413090593545,3.83684399551008
"Mammalia","Carnivora","Otariidae","Arctocephalus","galapagoensis","Costa & Trillmich 1988",35.85,3376.2096,1.55448916000382,3.52842940042334
"Mammalia","Carnivora","Otariidae","Arctocephalus","galapagoensis","Costa & Trillmich 1988",39.5,3003.264,1.59659709562646,3.47759351025552
"Mammalia","Carnivora","Otariidae","Arctocephalus","gazella","Costa & Trillmich 1988",30.475,13217.8608,1.48394371429042,4.12116117391433
"Mammalia","Carnivora","Otariidae","Arctocephalus","gazella","Costa & Trillmich 1988",41.125,14248.332,1.61410591095803,4.15376402605711
"Mammalia","Carnivora","Otariidae","Arctocephalus","gazella","Costa & Trillmich 1988",41.44,15932.8512,1.61741974673718,4.202293500197
"Mammalia","Carnivora","Otariidae","Arctocephalus","gazella","Costa & Trillmich 1988",39.275,16118.46,1.59411619371201,4.20732354581577
"Mammalia","Carnivora","Otariidae","Arctocephalus","gazella","Costa et al 1989",29.6,23195.9808,1.47129171105894,4.36541274059793
"Mammalia","Carnivora","Otariidae","Arctocephalus","gazella","Costa et al 1989",45.975,22959.5472,1.66252173791012,4.36096331880954
"Mammalia","Carnivora","Otariidae","Arctocephalus","gazella","Costa et al 1989",33.175,18717.0696,1.52081093153647,4.27223785529044
"Mammalia","Carnivora","Otariidae","Arctocephalus","gazella","Costa et al 1989",24.225,20993.1912,1.3842637857228,4.32207846122211
"Mammalia","Carnivora","Otariidae","Arctocephalus","gazella","Costa et al 1989",32.3,27683.9424,1.5092025223311,4.44222793696417
"Mammalia","Carnivora","Otariidae","Arctocephalus","gazella","Costa et al 1989",40.275,19069.0848,1.60503554909126,4.28032985005452
"Mammalia","Carnivora","Otariidae","Arctocephalus","gazella","Costa et al 1989",40.4,28448.064,1.6063813651106,4.45405271632947
"Mammalia","Carnivora","Otariidae","Arctocephalus","gazella","Costa et al 1989",39.775,28489.0824,1.59961018831862,4.45467846134779
"Mammalia","Carnivora","Otariidae","Arctocephalus","gazella","Costa et al 1989",29.125,19879.56,1.46426593403408,4.29840676780341
"Mammalia","Carnivora","Otariidae","Arctocephalus","gazella","Costa et al 1989",35.15,34955.4096,1.54592532935584,4.54351439546453
"Mammalia","Carnivora","Otariidae","Arctocephalus","gazella","Costa et al 1989",36.325,35119.5912,1.56020562297006,4.5455494519773
"Mammalia","Carnivora","Otariidae","Arctocephalus","gazella","Costa et al 1989",32.1,22797.6768,1.50650503240487,4.35789059242382
"Mammalia","Carnivora","Otariidae","Arctocephalus","gazella","Costa et al 1989",30.6,23027.8464,1.48572142648158,4.36225332396814
"Mammalia","Carnivora","Otariidae","Arctocephalus","gazella","Costa et al 1989",29.8375,26338.1328,1.47476243201481,4.42058498310108
"Mammalia","Carnivora","Otariidae","Arctocephalus","gazella","Costa et al 1989",40,41879.8944,1.60205999132796,4.62200557793624
"Mammalia","Carnivora","Otariidae","Arctocephalus","gazella","Costa et al 1989",29.475,16858.7568,1.46945381376713,4.22682554568572
"Mammalia","Carnivora","Otariidae","Arctocephalus","gazella","Costa et al 1989",26.275,17786.7792,1.41954272470028,4.25009731389035
"Mammalia","Carnivora","Otariidae","Arctocephalus","gazella","Costa et al 1989",33.3,30152.2176,1.52244423350632,4.47931925863292
"Mammalia","Carnivora","Otariidae","Arctocephalus","gazella","Costa et al 1989",27.55,20066.0976,1.4401216031878,4.30246292029144
"Mammalia","Carnivora","Otariidae","Arctocephalus","gazella","Costa et al 1989",23.825,16467.84,1.37703290931036,4.2166366387812
"Mammalia","Carnivora","Otariidae","Arctocephalus","gazella","Costa et al 1989",29.425,26287.5888,1.46871647151547,4.41975075275229
"Mammalia","Rodentia","Aplodontiidae","Aplodontia","rufa","Crocker et al 2007",0.787,1502,-0.104025267640935,3.17666993266815
"Mammalia","Rodentia","Aplodontiidae","Aplodontia","rufa","Crocker et al 2007",0.91,2246,-0.0409586076789064,3.35140975192544
"Mammalia","Rodentia","Aplodontiidae","Aplodontia","rufa","Crocker et al 2007",0.77,1530,-0.113509274827518,3.1846914308176
"Mammalia","Rodentia","Aplodontiidae","Aplodontia","rufa","Crocker et al 2007",0.622,1213,-0.206209615309181,3.08386080086657
"Mammalia","Rodentia","Aplodontiidae","Aplodontia","rufa","Crocker et al 2007",0.549,948,-0.260427655549908,2.97680833733807
"Mammalia","Carnivora","Mustelidae","Lontra","canadensis","Dekar et al 2010",6.875,5433,0.8372727025023,3.73503970503372
"Mammalia","Carnivora","Mustelidae","Lontra","canadensis","Dekar et al 2010",6.985,3979,0.844166410450201,3.59977393914639
"Mammalia","Carnivora","Mustelidae","Lontra","canadensis","Dekar et al 2010",8.95,7171,0.951823035315912,3.85557972250172
"Mammalia","Carnivora","Mustelidae","Lontra","canadensis","Dekar et al 2010",7.95,2899,0.90036712865647,3.462248215355
"Mammalia","Carnivora","Mustelidae","Lontra","canadensis","Dekar et al 2010",8.45,4208,0.926856708949692,3.62407573114568
"Mammalia","Primates","Lepilemuridae","Lepilemur","ruficaudatus","Drack et al 1999",0.682,444.7,-0.166215625343521,2.64806712944893
"Mammalia","Primates","Lepilemuridae","Lepilemur","ruficaudatus","Drack et al 1999",0.8775,466.6,-0.0567528748621383,2.66894473445773
"Mammalia","Primates","Lepilemuridae","Lepilemur","ruficaudatus","Drack et al 1999",0.94025,595.75,-0.0267566579055633,2.77506405101849
"Mammalia","Primates","Lepilemuridae","Lepilemur","ruficaudatus","Drack et al 1999",0.6595,218.9,-0.180785200117616,2.34024576156793
"Mammalia","Primates","Lepilemuridae","Lepilemur","ruficaudatus","Drack et al 1999",0.8315,852.7,-0.0801377464444619,2.9307962629833
"Mammalia","Primates","Lepilemuridae","Lepilemur","ruficaudatus","Drack et al 1999",0.7605,423.9,-0.118900781610983,2.62726341656822
"Mammalia","Primates","Lepilemuridae","Lepilemur","ruficaudatus","Drack et al 1999",0.7335,270.9,-0.134599881820698,2.43280900503317
"Mammalia","Primates","Lepilemuridae","Lepilemur","ruficaudatus","Drack et al 1999",0.7385,822,-0.131649500352032,2.91487181754005
"Mammalia","Primates","Lepilemuridae","Lepilemur","ruficaudatus","Drack et al 1999",0.7445,459.7,-0.128135297911805,2.66247450375031
"Mammalia","Primates","Lepilemuridae","Lepilemur","ruficaudatus","Drack et al 1999",0.513,401.3,-0.289882634888184,2.60346915973384
"Mammalia","Primates","Lepilemuridae","Lepilemur","ruficaudatus","Drack et al 1999",0.47,241.8,-0.327902142064283,2.38345629652475
"Mammalia","Diprotodontia","Phascolarctidae","Phascolarctos","cinereus","Ellis et al 1995",7.1,1284.39,0.851258348719075,3.10869691557889
"Mammalia","Diprotodontia","Phascolarctidae","Phascolarctos","cinereus","Ellis et al 1995",6.3,1153.74,0.799340549453582,3.06210794981846
"Mammalia","Diprotodontia","Phascolarctidae","Phascolarctos","cinereus","Ellis et al 1995",9.2,1791.92,0.963787827345555,3.25331861674681
"Mammalia","Diprotodontia","Phascolarctidae","Phascolarctos","cinereus","Ellis et al 1995",9.1,1916.46,0.959041392321094,3.28249975917056
"Mammalia","Diprotodontia","Phascolarctidae","Phascolarctos","cinereus","Ellis et al 1995",8.15,1519.865,0.911157608739977,3.18180501402449
"Mammalia","Diprotodontia","Phascolarctidae","Phascolarctos","cinereus","Ellis et al 1995",7.1,1815.115,0.851258348719075,3.25890414578163
"Mammalia","Diprotodontia","Phascolarctidae","Phascolarctos","cinereus","Ellis et al 1995",6.4,1542.4,0.806179973983887,3.18819701655876
"Mammalia","Diprotodontia","Phascolarctidae","Phascolarctos","cinereus","Ellis et al 1995",6.6,779.46,0.819543935541869,2.89179383315538
"Mammalia","Diprotodontia","Vombatidae","Lasiorhinus","krefftii","Evans et al 2003",27.3985,3383.22,1.43772678692422,3.52933023949045
"Mammalia","Diprotodontia","Vombatidae","Lasiorhinus","krefftii","Evans et al 2003",30.0015,3374.64,1.47714296890091,3.52822744995148
"Mammalia","Diprotodontia","Vombatidae","Lasiorhinus","krefftii","Evans et al 2003",29.492,4483.56,1.46970422523106,3.65162298595948
"Mammalia","Diprotodontia","Vombatidae","Lasiorhinus","krefftii","Evans et al 2003",22.4905,3653.72,1.35199911060803,3.56273526247074
"Mammalia","Diprotodontia","Vombatidae","Lasiorhinus","krefftii","Evans et al 2003",30.4855,4117.06,1.48409332238435,3.61458719623699
"Mammalia","Diprotodontia","Vombatidae","Lasiorhinus","latifrons","Evans et al 2003",23.119,6943.805,1.36396904497884,3.84159751622761
"Mammalia","Diprotodontia","Vombatidae","Lasiorhinus","latifrons","Evans et al 2003",23.254,4096.005,1.36649766812963,3.61236047811208
"Mammalia","Diprotodontia","Vombatidae","Lasiorhinus","latifrons","Evans et al 2003",23.059,4542.205,1.36284046931172,3.65726673101971
"Mammalia","Diprotodontia","Vombatidae","Lasiorhinus","latifrons","Evans et al 2003",26.9515,6808.93,1.4305829410847,3.83307886938616
"Mammalia","Diprotodontia","Vombatidae","Lasiorhinus","latifrons","Evans et al 2003",24.04225,4018.385,1.38097510879072,3.60405154400144
"Mammalia","Diprotodontia","Vombatidae","Vombatus","ursinus","Evans et al 2003",34.387,7415.31,1.53639428863744,3.87012931159841
"Mammalia","Diprotodontia","Vombatidae","Vombatus","ursinus","Evans et al 2003",33.8135,4067.36,1.52909012645981,3.60931261329326
"Mammalia","Diprotodontia","Vombatidae","Vombatus","ursinus","Evans et al 2003",35.1805,1841.66,1.54630200754037,3.26520945552792
"Mammalia","Diprotodontia","Vombatidae","Vombatus","ursinus","Evans et al 2003",38.57275,8752.56,1.58628060249712,3.94213509659555
"Mammalia","Diprotodontia","Vombatidae","Vombatus","ursinus","Evans et al 2003",28.424,4918.3,1.45368519448127,3.69181501573473
"Mammalia","Diprotodontia","Vombatidae","Vombatus","ursinus","Evans et al 2003",33.227,10988.56,1.52149113146043,4.04094078386762
"Mammalia","Diprotodontia","Vombatidae","Vombatus","ursinus","Evans et al 2003",25.795,9017.04,1.41153553220933,3.9550639962294
"Mammalia","Diprotodontia","Vombatidae","Vombatus","ursinus","Evans et al 2003",33.74675,7073.195,1.5282319542032,3.84961563125601
"Mammalia","Diprotodontia","Vombatidae","Vombatus","ursinus","Evans et al 2003",33.9815,6464.45,1.53124254543782,3.81053158070504
"Mammalia","Chiroptera","Phyllostomidae","Carollia","perspicillata","Fleming 1988",0.019,97.23,-1.72124639904717,1.98780028575187
"Mammalia","Chiroptera","Phyllostomidae","Carollia","perspicillata","Fleming 1988",0.02,58.19,-1.69897000433602,1.76484835719341
"Mammalia","Chiroptera","Phyllostomidae","Carollia","perspicillata","Fleming 1988",0.021,71.65,-1.67778070526608,1.85521619473336
"Mammalia","Chiroptera","Phyllostomidae","Carollia","perspicillata","Fleming 1988",0.018,86.69,-1.74472749489669,1.93796900295145
"Mammalia","Diprotodontia","Pseudocheiridae","Petauroides","volans","Foley et al 1990",0.908,474.88,-0.0419141514789149,2.67658387926291
"Mammalia","Diprotodontia","Pseudocheiridae","Petauroides","volans","Foley et al 1990",1.0425,554.38,0.0180760636457951,2.74380755413204
"Mammalia","Diprotodontia","Pseudocheiridae","Petauroides","volans","Foley et al 1990",0.8475,466.4,-0.0718602931248802,2.66875854175096
"Mammalia","Diprotodontia","Pseudocheiridae","Petauroides","volans","Foley et al 1990",1.0775,519.4,0.0324172788327692,2.71550194529328
"Mammalia","Diprotodontia","Pseudocheiridae","Petauroides","volans","Foley et al 1990",1.0625,620.1,0.0263289387223491,2.79246173134695
"Mammalia","Diprotodontia","Pseudocheiridae","Petauroides","volans","Foley et al 1990",1.1,598.9,0.0413926851582251,2.77735431308421
"Mammalia","Diprotodontia","Pseudocheiridae","Petauroides","volans","Foley et al 1990",1.115,506.68,0.0472748673841795,2.70473376187689
"Mammalia","Diprotodontia","Pseudocheiridae","Petauroides","volans","Foley et al 1990",1.02,513.04,0.00860017176191757,2.71015122690918
"Mammalia","Carnivora","Canidae","Vulpes","cana","Geffen et al 1992",1,670,0,2.82607480270083
"Mammalia","Chiroptera","Pteropodidae","Syconycteris","australis","Geiser & Coburn 1999",0.0187,74.05,-1.7281583934635,1.86952506285723
"Mammalia","Chiroptera","Pteropodidae","Syconycteris","australis","Geiser & Coburn 1999",0.0189,73.51,-1.72353819582676,1.8663464227496
"Mammalia","Chiroptera","Pteropodidae","Syconycteris","australis","Geiser & Coburn 1999",0.0186,60.61,-1.73048705578208,1.78254428401001
"Mammalia","Chiroptera","Pteropodidae","Syconycteris","australis","Geiser & Coburn 1999",0.016,88.38,-1.79588001734408,1.94635399722627
"Mammalia","Chiroptera","Pteropodidae","Syconycteris","australis","Geiser & Coburn 1999",0.016,80.02,-1.79588001734408,1.90319854704298
"Mammalia","Chiroptera","Pteropodidae","Syconycteris","australis","Geiser & Coburn 1999",0.017,76.99,-1.76955107862173,1.88643431962894
"Mammalia","Chiroptera","Pteropodidae","Syconycteris","australis","Geiser & Coburn 1999",0.016,84.52,-1.79588001734408,1.92695948838028
"Mammalia","Carnivora","Mustelidae","Martes","americana","Gilbert et al 2009",0.685,522,-0.164309428507574,2.71767050300226
"Mammalia","Carnivora","Mustelidae","Martes","americana","Gilbert et al 2009",1.35,1220,0.130333768495006,3.08635983067475
"Mammalia","Carnivora","Mustelidae","Martes","americana","Gilbert et al 2009",0.79,654,-0.102372908709559,2.81557774832427
"Mammalia","Carnivora","Mustelidae","Martes","americana","Gilbert et al 2009",1.03,700,0.0128372247051722,2.84509804001426
"Mammalia","Carnivora","Mustelidae","Martes","americana","Gilbert et al 2009",1.09,730,0.0374264979406237,2.86332286012046
"Mammalia","Carnivora","Mustelidae","Martes","americana","Gilbert et al 2009",1.1,850,0.0413926851582251,2.92941892571429
"Mammalia","Carnivora","Mustelidae","Martes","americana","Gilbert et al 2009",1.35,910,0.130333768495006,2.95904139232109
"Mammalia","Carnivora","Mustelidae","Martes","americana","Gilbert et al 2009",0.698,758,-0.156144577376839,2.87966920563205
"Mammalia","Carnivora","Mustelidae","Martes","americana","Gilbert et al 2009",0.748,982,-0.126098402135539,2.99211148778695
"Mammalia","Carnivora","Mustelidae","Martes","americana","Gilbert et al 2009",1.06,854,0.0253058652647703,2.931457870689
"Mammalia","Artiodactyla","Cervidae","Rangifer","tarandus","Gotaas et al 2000",62.8,13210,1.7979596437372,4.12090281761453
"Mammalia","Artiodactyla","Cervidae","Rangifer","tarandus","Gotaas et al 2000",64.5,16760,1.80955971463527,4.22427401429426
"Mammalia","Artiodactyla","Cervidae","Rangifer","tarandus","Gotaas et al 2000",55.8,17960,1.74663419893758,4.25430633233129
"Mammalia","Monotremata","Tachyglossidae","Tachyglossus","aculeatus","Green et al 1992",1.82,580.58,0.260071387985075,2.76386207104226
"Mammalia","Monotremata","Tachyglossidae","Tachyglossus","aculeatus","Green et al 1992",3.2,1088,0.505149978319906,3.03662889536216
"Mammalia","Monotremata","Tachyglossidae","Tachyglossus","aculeatus","Green et al 1992",3.49,973.71,0.54282542695918,2.98842963023278
"Mammalia","Monotremata","Tachyglossidae","Tachyglossus","aculeatus","Green et al 1992",2.92,829.28,0.465382851448418,2.91870119149546
"Mammalia","Monotremata","Tachyglossidae","Tachyglossus","aculeatus","Green et al 1992",1.97,494.47,0.294466226161593,2.69413994764263
"Mammalia","Monotremata","Tachyglossidae","Tachyglossus","aculeatus","Green et al 1992",4.45,222.5,0.648360010980932,2.34733001531695
"Mammalia","Monotremata","Tachyglossidae","Tachyglossus","aculeatus","Green et al 1992",3.98,210.94,0.599883072073688,2.32415894167448
"Mammalia","Monotremata","Tachyglossidae","Tachyglossus","aculeatus","Green et al 1992",3.48,643.8,0.541579243946581,2.80875097234959
"Mammalia","Monotremata","Tachyglossidae","Tachyglossus","aculeatus","Green et al 1992",4.37,659.87,0.640481436970422,2.81945838426359
"Mammalia","Rodentia","Cricetidae","Arvicola","amphibius","Grenot et al 1984",0.0818,139.06,-1.08724669632868,2.1432022250496
"Mammalia","Rodentia","Cricetidae","Arvicola","amphibius","Grenot et al 1984",0.0603,94.671,-1.21968268785985,1.97621696454939
"Mammalia","Rodentia","Cricetidae","Arvicola","amphibius","Grenot et al 1984",0.093,84.816,-1.03151705144606,1.92847778688235
"Mammalia","Rodentia","Cricetidae","Arvicola","amphibius","Grenot et al 1984",0.0865,92.209,-1.06298389253519,1.96477331215537
"Mammalia","Rodentia","Cricetidae","Arvicola","amphibius","Grenot et al 1984",0.0838,121.091,-1.07675598136972,2.08311186572284
"Mammalia","Rodentia","Cricetidae","Arvicola","amphibius","Grenot et al 1984",0.0974,172.9824,-1.01144104312138,2.2380019183212
"Mammalia","Rodentia","Cricetidae","Arvicola","amphibius","Grenot et al 1984",0.0822,171.0582,-1.08512818245995,2.23314389775168
"Mammalia","Rodentia","Cricetidae","Arvicola","amphibius","Grenot et al 1984",0.081,144.747,-1.09151498112135,2.16060957138429
"Mammalia","Rodentia","Cricetidae","Arvicola","amphibius","Grenot et al 1984",0.1023,195.2907,-0.99012436628784,2.29068156210583
"Mammalia","Rodentia","Cricetidae","Arvicola","amphibius","Grenot et al 1984",0.0791,160.0984,-1.10182351650232,2.20438699166544
"Mammalia","Rodentia","Cricetidae","Arvicola","amphibius","Grenot et al 1984",0.0755,144.7335,-1.12205304837081,2.16056906450725
"Mammalia","Rodentia","Cricetidae","Arvicola","amphibius","Grenot et al 1984",0.076,150.252,-1.11918640771921,2.17682026159446
"Mammalia","Artiodactyla","Cervidae","Cervus","elaphus","Haggarty et al 1998",104.5,28090,2.01911629044707,4.44855173920158
"Mammalia","Artiodactyla","Cervidae","Cervus","elaphus","Haggarty et al 1998",108.5,24580,2.03542973818455,4.39058187855044
"Mammalia","Artiodactyla","Cervidae","Cervus","elaphus","Haggarty et al 1998",108.25,23360,2.0344279050254,4.36847283844036
"Mammalia","Artiodactyla","Cervidae","Cervus","elaphus","Haggarty et al 1998",107,24490,2.02938377768521,4.38898878512471
"Mammalia","Artiodactyla","Cervidae","Cervus","elaphus","Haggarty et al 1998",109.25,25600,2.03842144564246,4.40823996531185
"Mammalia","Rodentia","Caviidae","Cavia","magna","Künkele et al 2005",0.405,486.7,-0.392544976785331,2.68726134624351
"Mammalia","Rodentia","Caviidae","Cavia","magna","Künkele et al 2005",0.466,398.8,-0.33161408331,2.60075514963962
"Mammalia","Rodentia","Caviidae","Cavia","magna","Künkele et al 2005",0.385,296.3,-0.414539270491499,2.47173165148005
"Mammalia","Rodentia","Caviidae","Cavia","magna","Künkele et al 2005",0.362,436,-0.441291429466834,2.63948648926859
"Mammalia","Rodentia","Caviidae","Cavia","magna","Künkele et al 2005",0.492,413.5,-0.30803489723264,2.61647551388857
"Mammalia","Rodentia","Caviidae","Cavia","magna","Künkele et al 2005",0.428,247.7,-0.368556230986828,2.39392600658584
"Mammalia","Rodentia","Caviidae","Cavia","magna","Künkele et al 2005",0.446,291.8,-0.350665141287858,2.46508528755743
"Mammalia","Rodentia","Caviidae","Cavia","magna","Künkele et al 2005",0.41,278.7,-0.387216143280265,2.4451369687133
"Mammalia","Rodentia","Caviidae","Cavia","magna","Künkele et al 2005",0.467,322.6,-0.330683119433888,2.50866436305294
"Mammalia","Rodentia","Caviidae","Cavia","magna","Künkele et al 2005",0.462,424.4,-0.335358024443874,2.6277753752293
"Mammalia","Rodentia","Caviidae","Cavia","magna","Künkele et al 2005",0.453,341.3,-0.343901797987168,2.53313628827864
"Mammalia","Rodentia","Caviidae","Cavia","magna","Künkele et al 2005",0.546,592.9,-0.262807357295263,2.77298145034496
"Mammalia","Rodentia","Caviidae","Cavia","magna","Künkele et al 2005",0.687,511.8,-0.16304326294045,2.70910028155117
"Mammalia","Rodentia","Caviidae","Cavia","magna","Künkele et al 2005",0.47,363.8,-0.327902142064283,2.56086269472746
"Mammalia","Rodentia","Caviidae","Cavia","magna","Künkele et al 2005",0.411,356.5,-0.386158178123931,2.55205953418788
"Mammalia","Rodentia","Caviidae","Cavia","magna","Künkele et al 2005",0.4,323.8,-0.397940008672038,2.51027684441735
"Mammalia","Rodentia","Caviidae","Cavia","magna","Künkele et al 2005",0.366,234.7,-0.436518914605589,2.37051308959859
"Mammalia","Rodentia","Caviidae","Cavia","magna","Künkele et al 2005",0.4,334.9,-0.397940008672038,2.52491514753987
"Mammalia","Rodentia","Caviidae","Cavia","magna","Künkele et al 2005",0.679,655,-0.168130225719498,2.81624129999178
"Mammalia","Rodentia","Caviidae","Cavia","magna","Künkele et al 2005",0.55,455.5,-0.259637310505756,2.65848838130902
"Mammalia","Rodentia","Caviidae","Cavia","magna","Künkele et al 2005",0.465,346.7,-0.332547047110046,2.5399538416564
"Mammalia","Rodentia","Caviidae","Cavia","magna","Künkele et al 2005",0.485,583.9,-0.314258261397736,2.76633847525129
"Mammalia","Rodentia","Caviidae","Cavia","magna","Künkele et al 2005",0.62,556.4,-0.207608310501746,2.74538712132001
"Mammalia","Rodentia","Caviidae","Cavia","magna","Künkele et al 2005",0.679,795.4,-0.168130225719498,2.90058558664996
"Mammalia","Rodentia","Caviidae","Cavia","magna","Künkele et al 2005",0.654,528.2,-0.184422251675733,2.72279839687091
"Mammalia","Rodentia","Caviidae","Cavia","magna","Künkele et al 2005",0.588,507.6,-0.230622673923862,2.70552161342267
"Mammalia","Rodentia","Caviidae","Cavia","magna","Künkele et al 2005",0.585,491.7,-0.23284413391782,2.69170020829016
"Mammalia","Rodentia","Caviidae","Cavia","magna","Künkele et al 2005",0.49,354.7,-0.309803919971486,2.54986118847194
"Mammalia","Rodentia","Caviidae","Cavia","magna","Künkele et al 2005",0.56,409.5,-0.2518119729938,2.61225390609644
"Mammalia","Chiroptera","Phyllostomidae","Phyllostomus","hastatus","Kunz et al 1998",0.0755,109.5,-1.12205304837081,2.03941411917614
"Mammalia","Chiroptera","Phyllostomidae","Phyllostomus","hastatus","Kunz et al 1998",0.0825,175,-1.08354605145007,2.24303804868629
"Mammalia","Chiroptera","Phyllostomidae","Phyllostomus","hastatus","Kunz et al 1998",0.077,157.2,-1.11350927482752,2.19645254170339
"Mammalia","Chiroptera","Phyllostomidae","Phyllostomus","hastatus","Kunz et al 1998",0.072,146.6,-1.14266750356873,2.16613397030511
"Mammalia","Chiroptera","Phyllostomidae","Phyllostomus","hastatus","Kunz et al 1998",0.0705,138.4,-1.1518108830086,2.14113609012074
"Mammalia","Chiroptera","Phyllostomidae","Phyllostomus","hastatus","Kunz et al 1998",0.0815,133.3,-1.08884239126002,2.12483014941386
"Mammalia","Chiroptera","Phyllostomidae","Phyllostomus","hastatus","Kunz et al 1998",0.0693,113.2,-1.15926676538819,2.05384642685225
"Mammalia","Chiroptera","Phyllostomidae","Phyllostomus","hastatus","Kunz et al 1998",0.08765,177.45,-1.05724807957019,2.24907600368361
"Mammalia","Chiroptera","Phyllostomidae","Phyllostomus","hastatus","Kunz et al 1998",0.0713,125.45,-1.14691047014813,2.09847066565063
"Mammalia","Chiroptera","Phyllostomidae","Phyllostomus","hastatus","Kunz et al 1998",0.07875,109.15,-1.10374943753836,2.03802374004516
"Mammalia","Chiroptera","Phyllostomidae","Phyllostomus","hastatus","Kunz et al 1998",0.0758,118.2,-1.12033079436795,2.07261747654524
"Mammalia","Chiroptera","Phyllostomidae","Phyllostomus","hastatus","Kunz et al 1998",0.0808,253.9,-1.09258863922541,2.40466270087372
"Mammalia","Chiroptera","Phyllostomidae","Phyllostomus","hastatus","Kunz et al 1998",0.0745,79.7,-1.12784372725171,1.90145832139611
"Mammalia","Chiroptera","Phyllostomidae","Phyllostomus","hastatus","Kunz et al 1998",0.0703,162.2,-1.15304467498018,2.21005084987514
"Mammalia","Chiroptera","Phyllostomidae","Phyllostomus","hastatus","Kunz et al 1998",0.0749,91.3,-1.12551818230053,1.9604707775343
"Mammalia","Chiroptera","Phyllostomidae","Phyllostomus","hastatus","Kunz et al 1998",0.0913,126.8,-1.0395292224657,2.10311925354571
"Mammalia","Chiroptera","Phyllostomidae","Phyllostomus","hastatus","Kunz et al 1998",0.078,118.7,-1.10790539730952,2.07445071895459
"Mammalia","Chiroptera","Phyllostomidae","Phyllostomus","hastatus","Kunz et al 1998",0.0688,102.85,-1.16241156176449,2.01220429603074
"Mammalia","Chiroptera","Phyllostomidae","Phyllostomus","hastatus","Kunz et al 1998",0.07255,102.8,-1.13936258322625,2.01199311465926
"Mammalia","Diprotodontia","Macropodidae","Petrogale","lateralis","Nagy & Bradshaw 2000",2.205,610,0.343408593803857,2.78532983501077
"Mammalia","Diprotodontia","Phascolarctidae","Phascolarctos","cinereus","Nagy & Martin 1985",10.4,1804.6912,1.01703333929878,3.25640290064105
"Mammalia","Diprotodontia","Phascolarctidae","Phascolarctos","cinereus","Nagy & Martin 1985",10.1,2045.03184,1.00432137378264,3.31070007411777
"Mammalia","Diprotodontia","Phascolarctidae","Phascolarctos","cinereus","Nagy & Martin 1985",11.66666667,2219.27488,1.0669467897547,3.34621109739818
"Mammalia","Diprotodontia","Phascolarctidae","Phascolarctos","cinereus","Nagy & Martin 1985",7.066666667,1799.4592,0.849214606229575,3.25514200413384
"Mammalia","Diprotodontia","Phascolarctidae","Phascolarctos","cinereus","Nagy & Martin 1985",8.566666667,1789.8672,0.932811868628531,3.25282080950127
"Mammalia","Diprotodontia","Phascolarctidae","Phascolarctos","cinereus","Nagy & Martin 1985",7.833333333,2551.6464,0.893946607533593,3.40682049090778
"Mammalia","Primates","Atelidae","Alouatta","palliata","Nagy & Milton 1979",6.25,2531.25,0.795880017344075,3.40333504055874
"Mammalia","Primates","Atelidae","Alouatta","palliata","Nagy & Milton 1979",6.7,1922.9,0.826074802700826,3.28395669943482
"Mammalia","Primates","Atelidae","Alouatta","palliata","Nagy & Milton 1979",3.2,1110.4,0.505149978319906,3.04547945311078
"Mammalia","Primates","Atelidae","Alouatta","palliata","Nagy & Milton 1979",9.43,3291.07,0.974511692737328,3.51733711969651
"Mammalia","Primates","Atelidae","Alouatta","palliata","Nagy & Milton 1979",5.8,2401.2,0.763427993562937,3.38042833468384
"Mammalia","Primates","Atelidae","Alouatta","palliata","Nagy & Milton 1979",7.4,2449.4,0.869231719730976,3.3890597135067
"Mammalia","Pilosa","Bradypodidae","Bradypus","variegatus","Nagy & Montgomery 1980",3.993333333,586.0666667,0.601335563297378,2.76794702102344
"Mammalia","Pilosa","Bradypodidae","Bradypus","variegatus","Nagy & Montgomery 1980",4.216666667,489.05,0.624969270826506,2.68935326324225
"Mammalia","Pilosa","Bradypodidae","Bradypus","variegatus","Nagy & Montgomery 1980",3.666666667,592.8833333,0.564271430478044,2.77296924194965
"Mammalia","Pilosa","Bradypodidae","Bradypus","variegatus","Nagy & Montgomery 1980",4.4,721.6,0.643452676486187,2.85829652453389
"Mammalia","Pilosa","Bradypodidae","Bradypus","variegatus","Nagy & Montgomery 1980",4.55,773.5,0.658011396657112,2.88846031803539
"Mammalia","Diprotodontia","Petauridae","Petaurus","breviceps","Nagy & Suckling 1985",0.11,187,-0.958607314841775,2.2718416065365
"Mammalia","Diprotodontia","Petauridae","Petaurus","breviceps","Nagy & Suckling 1985",0.098,144,-1.00877392430751,2.15836249209525
"Mammalia","Diprotodontia","Petauridae","Petaurus","breviceps","Nagy & Suckling 1985",0.104,171,-0.98296666070122,2.23299611039215
"Mammalia","Diprotodontia","Petauridae","Petaurus","breviceps","Nagy & Suckling 1985",0.121,139,-0.91721462968355,2.14301480025409
"Mammalia","Diprotodontia","Petauridae","Petaurus","breviceps","Nagy & Suckling 1985",0.116,151,-0.935542010773082,2.17897694729317
"Mammalia","Diprotodontia","Petauridae","Petaurus","breviceps","Nagy & Suckling 1985",0.163,208,-0.787812395596042,2.31806333496276
"Mammalia","Diprotodontia","Petauridae","Petaurus","breviceps","Nagy & Suckling 1985",0.114,156,-0.943095148663527,2.19312459835446
"Mammalia","Diprotodontia","Petauridae","Petaurus","breviceps","Nagy & Suckling 1985",0.162,202,-0.790484985457369,2.30535136944662
"Mammalia","Diprotodontia","Petauridae","Petaurus","breviceps","Nagy & Suckling 1985",0.121,169,-0.91721462968355,2.22788670461367
"Mammalia","Diprotodontia","Petauridae","Petaurus","breviceps","Nagy & Suckling 1985",0.108,147,-0.96657624451305,2.16731733474818
"Mammalia","Diprotodontia","Petauridae","Petaurus","breviceps","Nagy & Suckling 1985",0.106,184,-0.97469413473523,2.26481782300954
"Mammalia","Diprotodontia","Petauridae","Petaurus","breviceps","Nagy & Suckling 1985",0.138,196,-0.860120913598763,2.29225607135648
"Mammalia","Diprotodontia","Petauridae","Petaurus","breviceps","Nagy & Suckling 1985",0.098,137,-1.00877392430751,2.13672056715641
"Mammalia","Diprotodontia","Petauridae","Petaurus","breviceps","Nagy & Suckling 1985",0.13,212,-0.886056647693163,2.32633586092875
"Mammalia","Diprotodontia","Petauridae","Petaurus","breviceps","Nagy & Suckling 1985",0.126,125,-0.899629454882437,2.09691001300806
"Mammalia","Dasyuromorphia","Dasyuridae","Sminthopsis","crassicaudata","Nagy et al 1988",0.0164,88.3,-1.7851561519523,1.94596070357757
"Mammalia","Dasyuromorphia","Dasyuridae","Sminthopsis","crassicaudata","Nagy et al 1988",0.018,74.1,-1.74472749489669,1.86981820797933
"Mammalia","Dasyuromorphia","Dasyuridae","Sminthopsis","crassicaudata","Nagy et al 1988",0.0148,71.8,-1.82973828460504,1.8561244442423
"Mammalia","Dasyuromorphia","Dasyuridae","Sminthopsis","crassicaudata","Nagy et al 1988",0.0168,64.7,-1.77469071827414,1.8109042806687
"Mammalia","Dasyuromorphia","Dasyuridae","Sminthopsis","crassicaudata","Nagy et al 1988",0.0164,74.45,-1.7851561519523,1.87186470208819
"Mammalia","Dasyuromorphia","Dasyuridae","Sminthopsis","crassicaudata","Nagy et al 1988",0.0187,80.7,-1.7281583934635,1.90687353472207
"Mammalia","Dasyuromorphia","Dasyuridae","Sminthopsis","crassicaudata","Nagy et al 1988",0.0165,58.9,-1.78251605578609,1.7701152947871
"Mammalia","Dasyuromorphia","Dasyuridae","Sminthopsis","crassicaudata","Nagy et al 1988",0.0163,33.6,-1.78781239559604,1.52633927738984
"Mammalia","Dasyuromorphia","Dasyuridae","Sminthopsis","crassicaudata","Nagy et al 1988",0.0158,56.1,-1.80134291304558,1.74896286125616
"Mammalia","Diprotodontia","Macropodidae","Macropus","eugenii","Nagy et al 1990a",5.29,1390,0.723455672035186,3.14301480025409
"Mammalia","Diprotodontia","Macropodidae","Macropus","eugenii","Nagy et al 1990a",5.73,1270,0.75815462196739,3.10380372095596
"Mammalia","Diprotodontia","Macropodidae","Macropus","eugenii","Nagy et al 1990a",3.405,994,0.532117116248804,2.99738638439731
"Mammalia","Diprotodontia","Macropodidae","Macropus","eugenii","Nagy et al 1990a",3.25,934.5,0.511883360978874,2.97057930571485
"Mammalia","Diprotodontia","Macropodidae","Macropus","eugenii","Nagy et al 1990a",6.35,1530,0.802773725291976,3.1846914308176
"Mammalia","Diprotodontia","Macropodidae","Setonix","brachyurus","Nagy et al 1990a",1.5,451,0.176091259055681,2.65417654187796
"Mammalia","Diprotodontia","Macropodidae","Setonix","brachyurus","Nagy et al 1990a",1.46,435.5,0.164352855784437,2.63898815934368
"Mammalia","Diprotodontia","Macropodidae","Setonix","brachyurus","Nagy et al 1990a",2.83,445,0.45178643552429,2.64836001098093
"Mammalia","Diprotodontia","Macropodidae","Setonix","brachyurus","Nagy et al 1990a",1.61,629,0.20682587603185,2.79865064544527
"Mammalia","Diprotodontia","Macropodidae","Setonix","brachyurus","Nagy et al 1990a",2.225,718.5,0.34733001531695,2.85642677247024
"Mammalia","Diprotodontia","Macropodidae","Macropus","giganteus","Nagy et al 1990b",27,5610,1.43136376415899,3.74896286125616
"Mammalia","Diprotodontia","Macropodidae","Macropus","giganteus","Nagy et al 1990b",60.8,10730,1.78390357927273,4.03059972196595
"Mammalia","Artiodactyla","Cervidae","Odocoileus","hemionus","Nagy et al 1990b",67.1,41500,1.82672252016899,4.61804809671209
"Mammalia","Artiodactyla","Cervidae","Odocoileus","hemionus","Nagy et al 1990b",32.2,15900,1.50785587169583,4.20139712432045
"Mammalia","Artiodactyla","Cervidae","Odocoileus","hemionus","Nagy et al 1990b",38.35,21300,1.583765368285,4.32837960343874
"Mammalia","Artiodactyla","Cervidae","Odocoileus","hemionus","Nagy et al 1990b",43.1,37100,1.63447727016073,4.56937390961505
"Mammalia","Artiodactyla","Cervidae","Odocoileus","hemionus","Nagy et al 1990b",48.9,23650,1.68930885912362,4.37383114507383
"Mammalia","Diprotodontia","Macropodidae","Thylogale","billardierii","Nagy et al 1990b",9.645,2550,0.984302231979903,3.40654018043396
"Mammalia","Diprotodontia","Macropodidae","Thylogale","billardierii","Nagy et al 1990b",4.635,1122,0.666049738480516,3.04999285692014
"Mammalia","Diprotodontia","Macropodidae","Thylogale","billardierii","Nagy et al 1990b",3.43,1080,0.535294120042771,3.03342375548695
"Mammalia","Diprotodontia","Macropodidae","Thylogale","billardierii","Nagy et al 1990b",3.16,1060,0.499687082618404,3.02530586526477
"Mammalia","Diprotodontia","Macropodidae","Thylogale","billardierii","Nagy et al 1990b",6.36,1765,0.803457115648414,3.24674470972384
"Mammalia","Peramelemorphia","Peramelidae","Isoodon","obesulus","Nagy et al 1991",0.775,655,-0.11069829749369,2.81624129999178
"Mammalia","Peramelemorphia","Peramelidae","Isoodon","obesulus","Nagy et al 1991",1.1375,516,0.05595140532915,2.71264970162721
"Mammalia","Peramelemorphia","Peramelidae","Isoodon","obesulus","Nagy et al 1991",1.46,594.5,0.164352855784437,2.77415185895471
"Mammalia","Peramelemorphia","Peramelidae","Isoodon","obesulus","Nagy et al 1991",1.11,569.6666667,0.0453229787866575,2.75562080802649
"Mammalia","Peramelemorphia","Peramelidae","Isoodon","obesulus","Nagy et al 1991",1.825,1080,0.261262868792493,3.03342375548695
"Mammalia","Peramelemorphia","Peramelidae","Isoodon","obesulus","Nagy et al 1991",0.835,381,-0.0783135245163979,2.58092497567562
"Mammalia","Peramelemorphia","Peramelidae","Isoodon","obesulus","Nagy et al 1991",1.3625,924,0.13433651094868,2.96567197122011
"Mammalia","Peramelemorphia","Peramelidae","Isoodon","obesulus","Nagy et al 1991",1.3,478,0.113943352306837,2.67942789661212
"Mammalia","Diprotodontia","Tarsipedidae","Tarsipes","rostratus","Nagy et al 1995",0.01775,31.2,-1.75080164260889,1.49415459401844
"Mammalia","Diprotodontia","Tarsipedidae","Tarsipes","rostratus","Nagy et al 1995",0.0149,41.4,-1.82681373158773,1.6170003411209
"Mammalia","Diprotodontia","Tarsipedidae","Tarsipes","rostratus","Nagy et al 1995",0.0127,51.6,-1.89619627904404,1.71264970162721
"Mammalia","Diprotodontia","Tarsipedidae","Tarsipes","rostratus","Nagy et al 1995",0.010625,22.6,-1.97367106127765,1.3541084391474
"Mammalia","Diprotodontia","Tarsipedidae","Tarsipes","rostratus","Nagy et al 1995",0.0095,38.6,-2.02227639471115,1.58658730467175
"Mammalia","Diprotodontia","Tarsipedidae","Tarsipes","rostratus","Nagy et al 1995",0.0105,30.4,-1.97881070093006,1.48287358360875
"Mammalia","Diprotodontia","Tarsipedidae","Tarsipes","rostratus","Nagy et al 1995",0.005275,25.75,-2.27777753603027,1.41077723337721
"Mammalia","Diprotodontia","Tarsipedidae","Tarsipes","rostratus","Nagy et al 1995",0.00645,35.4,-2.19044028536473,1.54900326202579
"Mammalia","Diprotodontia","Tarsipedidae","Tarsipes","rostratus","Nagy et al 1995",0.01005,34.25,-1.99783393824349,1.53466057582844
"Mammalia","Diprotodontia","Tarsipedidae","Tarsipes","rostratus","Nagy et al 1995",0.00805,46.6,-2.09420411963213,1.66838591669
"Mammalia","Diprotodontia","Tarsipedidae","Tarsipes","rostratus","Nagy et al 1995",0.0099,51.8,-2.00436480540245,1.71432975974523
"Mammalia","Diprotodontia","Tarsipedidae","Tarsipes","rostratus","Nagy et al 1995",0.00735,41.2,-2.13371266091581,1.61489721603313
"Mammalia","Soricomorpha","Soricidae","Sorex","araneus","Ochocińska & Taylor 2005",0.00769,49.58,-2.11407366019857,1.6953065224318
"Mammalia","Soricomorpha","Soricidae","Sorex","araneus","Ochocińska & Taylor 2005",0.00739,58.38,-2.13135556160517,1.766264090652
"Mammalia","Soricomorpha","Soricidae","Sorex","araneus","Ochocińska & Taylor 2005",0.0082,45.73,-2.08618614761628,1.66020120138068
"Mammalia","Soricomorpha","Soricidae","Sorex","araneus","Ochocińska & Taylor 2005",0.00815,46.51,-2.08884239126002,1.66754633951152
"Mammalia","Soricomorpha","Soricidae","Sorex","araneus","Ochocińska & Taylor 2005",0.00935,69.44,-2.02918838912748,1.84160971216844
"Mammalia","Soricomorpha","Soricidae","Sorex","araneus","Ochocińska & Taylor 2005",0.00915,62.43,-2.03857890593355,1.79539333493129
"Mammalia","Soricomorpha","Soricidae","Sorex","araneus","Ochocińska & Taylor 2005",0.00748,43.36,-2.12609840213554,1.63708927353033
"Mammalia","Soricomorpha","Soricidae","Sorex","araneus","Ochocińska & Taylor 2005",0.00785,54.52,-2.10513034325475,1.73655584716264
"Mammalia","Soricomorpha","Soricidae","Sorex","araneus","Ochocińska & Taylor 2005",0.00858,61.71,-2.06651271215129,1.79035554641439
"Mammalia","Soricomorpha","Soricidae","Sorex","araneus","Ochocińska & Taylor 2005",0.00845,57.73,-2.07314329105031,1.76140155749863
"Mammalia","Soricomorpha","Soricidae","Sorex","araneus","Ochocińska & Taylor 2005",0.0079,52.3,-2.10237290870956,1.71850168886727
"Mammalia","Soricomorpha","Soricidae","Sorex","araneus","Ochocińska & Taylor 2005",0.00905,51.11,-2.0433514207948,1.70850588095524
"Mammalia","Soricomorpha","Soricidae","Sorex","araneus","Ochocińska & Taylor 2005",0.0076,47.75,-2.11918640771921,1.67897337591977
"Mammalia","Soricomorpha","Soricidae","Sorex","araneus","Ochocińska & Taylor 2005",0.0079,55.12,-2.10237290870956,1.74130920889957
"Mammalia","Rodentia","Cricetidae","Lemmus","sibiricus","Peterson et al 1976",0.062,191.026,-1.20760831050175,2.28109248184489
"Mammalia","Rodentia","Cricetidae","Lemmus","sibiricus","Peterson et al 1976",0.052,221.122,-1.2839966563652,2.34463195381022
"Mammalia","Rodentia","Cricetidae","Lemmus","sibiricus","Peterson et al 1976",0.051,190.19,-1.29242982390206,2.27918767843215
"Mammalia","Primates","Hominidae","Pongo","pygmaeus","Pontzer et al 2010",116.6,8579.45,2.066698550423,3.93345944756651
"Mammalia","Primates","Hominidae","Pongo","pygmaeus","Pontzer et al 2010",53.2,6562.6,1.72591163229505,3.81707593418427
"Mammalia","Primates","Hominidae","Pongo","pygmaeus","Pontzer et al 2010",55,6802.95,1.74036268949424,3.83269727901526
"Mammalia","Primates","Hominidae","Pongo","pygmaeus","Pontzer et al 2010",25.5,5245.9,1.40654018043396,3.71982000759209
"Mammalia","Diprotodontia","Petauridae","Petaurus","breviceps","Quin et al 2010",0.107,157,-0.97061622231479,2.19589965240923
"Mammalia","Diprotodontia","Petauridae","Petaurus","breviceps","Quin et al 2010",0.112,119,-0.950781977329818,2.07554696139253
"Mammalia","Diprotodontia","Petauridae","Petaurus","breviceps","Quin et al 2010",0.132,162,-0.87942606879415,2.20951501454263
"Mammalia","Diprotodontia","Petauridae","Petaurus","breviceps","Quin et al 2010",0.105,127,-0.978810700930062,2.10380372095596
"Mammalia","Diprotodontia","Petauridae","Petaurus","breviceps","Quin et al 2010",0.127,140,-0.896196279044043,2.14612803567824
"Mammalia","Diprotodontia","Petauridae","Petaurus","breviceps","Quin et al 2010",0.118,152,-0.928117992693875,2.18184358794477
"Mammalia","Diprotodontia","Petauridae","Petaurus","breviceps","Quin et al 2010",0.115,176,-0.939302159646388,2.24551266781415
"Mammalia","Diprotodontia","Petauridae","Petaurus","breviceps","Quin et al 2010",0.107,125,-0.97061622231479,2.09691001300806
"Mammalia","Diprotodontia","Petauridae","Petaurus","breviceps","Quin et al 2010",0.12,187,-0.920818753952375,2.2718416065365
"Mammalia","Diprotodontia","Petauridae","Petaurus","breviceps","Quin et al 2010",0.12,131,-0.920818753952375,2.11727129565576
"Mammalia","Diprotodontia","Petauridae","Petaurus","breviceps","Quin et al 2010",0.111,173,-0.954677021213343,2.2380461031288
"Mammalia","Diprotodontia","Petauridae","Petaurus","breviceps","Quin et al 2010",0.102,188,-0.991399828238082,2.27415784926368
"Mammalia","Diprotodontia","Petauridae","Petaurus","breviceps","Quin et al 2010",0.092,117,-1.03621217265444,2.06818586174616
"Mammalia","Diprotodontia","Petauridae","Petaurus","breviceps","Quin et al 2010",0.108,171,-0.96657624451305,2.23299611039215
"Mammalia","Diprotodontia","Petauridae","Petaurus","breviceps","Quin et al 2010",0.119,169,-0.924453038607469,2.22788670461367
"Mammalia","Diprotodontia","Petauridae","Petaurus","breviceps","Quin et al 2010",0.093,177,-1.03151705144606,2.24797326636181
"Mammalia","Diprotodontia","Petauridae","Petaurus","breviceps","Quin et al 2010",0.138,154,-0.860120913598763,2.18752072083646
"Mammalia","Diprotodontia","Petauridae","Petaurus","breviceps","Quin et al 2010",0.117,173,-0.931814138253838,2.2380461031288
"Mammalia","Diprotodontia","Petauridae","Petaurus","breviceps","Quin et al 2010",0.148,176,-0.829738284605043,2.24551266781415
"Mammalia","Diprotodontia","Petauridae","Petaurus","breviceps","Quin et al 2010",0.144,120,-0.84163750790475,2.07918124604762
"Mammalia","Diprotodontia","Petauridae","Petaurus","breviceps","Quin et al 2010",0.141,173,-0.85078088734462,2.2380461031288
"Mammalia","Diprotodontia","Petauridae","Petaurus","breviceps","Quin et al 2010",0.125,127,-0.903089986991944,2.10380372095596
"Mammalia","Diprotodontia","Petauridae","Petaurus","breviceps","Quin et al 2010",0.118,159,-0.928117992693875,2.20139712432045
"Mammalia","Diprotodontia","Petauridae","Petaurus","breviceps","Quin et al 2010",0.119,134,-0.924453038607469,2.12710479836481
"Mammalia","Diprotodontia","Petauridae","Petaurus","breviceps","Quin et al 2010",0.124,148,-0.906578314837765,2.17026171539496
"Mammalia","Diprotodontia","Petauridae","Petaurus","breviceps","Quin et al 2010",0.11,142,-0.958607314841775,2.15228834438306
"Mammalia","Diprotodontia","Petauridae","Petaurus","breviceps","Quin et al 2010",0.123,193,-0.910094888560602,2.28555730900777
"Mammalia","Diprotodontia","Petauridae","Petaurus","breviceps","Quin et al 2010",0.13,177,-0.886056647693163,2.24797326636181
"Mammalia","Diprotodontia","Petauridae","Petaurus","breviceps","Quin et al 2010",0.114,245,-0.943095148663527,2.38916608436453
"Mammalia","Diprotodontia","Petauridae","Petaurus","breviceps","Quin et al 2010",0.111,149,-0.954677021213343,2.17318626841227
"Mammalia","Diprotodontia","Petauridae","Petaurus","breviceps","Quin et al 2010",0.119,188,-0.924453038607469,2.27415784926368
"Mammalia","Diprotodontia","Petauridae","Petaurus","breviceps","Quin et al 2010",0.121,126,-0.91721462968355,2.10037054511756
"Mammalia","Diprotodontia","Petauridae","Petaurus","breviceps","Quin et al 2010",0.127,166,-0.896196279044043,2.22010808804005
"Mammalia","Diprotodontia","Petauridae","Petaurus","breviceps","Quin et al 2010",0.127,161,-0.896196279044043,2.20682587603185
"Mammalia","Diprotodontia","Petauridae","Petaurus","breviceps","Quin et al 2010",0.123,107,-0.910094888560602,2.02938377768521
"Mammalia","Diprotodontia","Petauridae","Petaurus","breviceps","Quin et al 2010",0.146,183,-0.835647144215563,2.26245108973043
"Mammalia","Rodentia","Cricetidae","Peromyscus","leucopus","Randolph 1980",0.02115,38.965542,-1.67468962828894,1.59068072153432
"Mammalia","Rodentia","Cricetidae","Peromyscus","leucopus","Randolph 1980",0.0186,28.611264,-1.73048705578208,1.45653704466647
"Mammalia","Rodentia","Cricetidae","Peromyscus","leucopus","Randolph 1980",0.0166,38.371564,-1.77989191195995,1.58400950111979
"Mammalia","Rodentia","Sciuridae","Tamias","striatus","Randolph 1980",0.0988,136.697704,-1.00524305541237,2.13576122013838
"Mammalia","Rodentia","Sciuridae","Tamias","striatus","Randolph 1980",0.1006,164.839136,-0.997402019280091,2.2170603295154
"Mammalia","Rodentia","Sciuridae","Tamias","striatus","Randolph 1980",0.0894,128.550048,-1.04866248120408,2.10907224314248
"Mammalia","Artiodactyla","Camelidae","Lama","glama","Riek et al 2007",44.5,14570,1.64836001098093,4.16345955176999
"Mammalia","Artiodactyla","Camelidae","Lama","glama","Riek et al 2007",41,14780,1.61278385671974,4.16967443405881
"Mammalia","Artiodactyla","Camelidae","Lama","glama","Riek et al 2007",56,15260,1.7481880270062,4.18355453361886
"Mammalia","Artiodactyla","Camelidae","Lama","glama","Riek et al 2007",50.5,11600,1.70329137811866,4.06445798922692
"Mammalia","Primates","Cheirogaleidae","Microcebus","murinus","Schmid & Speakman 2000",0.047,97.33,-1.32790214206428,1.98824672337538
"Mammalia","Primates","Cheirogaleidae","Microcebus","murinus","Schmid & Speakman 2000",0.086,88.83,-1.06550154875643,1.94855966210896
"Mammalia","Primates","Cheirogaleidae","Microcebus","murinus","Schmid & Speakman 2000",0.098,150.67,-1.00877392430751,2.17802678827043
"Mammalia","Primates","Cheirogaleidae","Microcebus","murinus","Schmid & Speakman 2000",0.0665,111.94,-1.1771783546969,2.04898530257071
"Mammalia","Primates","Cheirogaleidae","Microcebus","murinus","Schmid & Speakman 2000",0.057,102.21,-1.24412514432751,2.00949338828754
"Mammalia","Primates","Cheirogaleidae","Microcebus","murinus","Schmid & Speakman 2000",0.0975,50.49,-1.01099538430146,1.70320537069549
"Mammalia","Primates","Cheirogaleidae","Microcebus","murinus","Schmid & Speakman 2000",0.0845,75.02,-1.07314329105031,1.8751770598147
"Mammalia","Primates","Cheirogaleidae","Microcebus","murinus","Schmid & Speakman 2000",0.072,81.45,-1.14266750356873,1.91089108864453
"Mammalia","Primates","Cheirogaleidae","Microcebus","murinus","Schmid & Speakman 2000",0.067,111.03,-1.17392519729917,2.04544033981477
"Mammalia","Primates","Cheirogaleidae","Microcebus","murinus","Schmid & Speakman 2000",0.0725,139.49,-1.13966199342901,2.14454307427279
"Mammalia","Primates","Cheirogaleidae","Microcebus","murinus","Schmid & Speakman 2000",0.079,128.25,-1.10237290870956,2.10805737378385
"Mammalia","Primates","Cheirogaleidae","Microcebus","murinus","Schmid & Speakman 2000",0.075,106.02,-1.1249387366083,2.02538779989041
"Mammalia","Primates","Cheirogaleidae","Microcebus","murinus","Schmid & Speakman 2000",0.0485,134.46,-1.31425826139774,2.1285931069187
"Mammalia","Primates","Cheirogaleidae","Microcebus","murinus","Schmid & Speakman 2000",0.0638,207.35,-1.19517932127884,2.31670403970004
"Mammalia","Primates","Cheirogaleidae","Microcebus","murinus","Schmid & Speakman 2000",0.063,210.11,-1.20065945054642,2.32244672276039
"Mammalia","Primates","Cheirogaleidae","Microcebus","murinus","Schmid & Speakman 2000",0.0543,97.08,-1.26520017041115,1.9871297676599
"Mammalia","Primates","Cheirogaleidae","Microcebus","murinus","Schmid & Speakman 2000",0.067,60.02,-1.17392519729917,1.77829599108883
"Mammalia","Primates","Cheirogaleidae","Microcebus","murinus","Schmid & Speakman 2000",0.06,138.37,-1.22184874961636,2.14104194093905
"Mammalia","Primates","Cheirogaleidae","Microcebus","murinus","Schmid & Speakman 2000",0.056,94.34,-1.2518119729938,1.97469587190968
"Mammalia","Primates","Cheirogaleidae","Microcebus","murinus","Schmid & Speakman 2000",0.055,28.46,-1.25963731050576,1.45423489574827
"Mammalia","Primates","Cheirogaleidae","Microcebus","murinus","Schmid & Speakman 2000",0.057,103.81,-1.24412514432751,2.01623919104264
"Mammalia","Primates","Cheirogaleidae","Microcebus","murinus","Schmid & Speakman 2000",0.061,166.5,-1.21467016498923,2.22141423784234
"Mammalia","Primates","Cheirogaleidae","Microcebus","murinus","Schmid & Speakman 2000",0.059,85.37,-1.22914798835786,1.93130528142167
"Mammalia","Primates","Cheirogaleidae","Microcebus","murinus","Schmid & Speakman 2000",0.0435,86.78,-1.36151074304536,1.93841964579319
"Mammalia","Primates","Cheirogaleidae","Microcebus","murinus","Schmid & Speakman 2000",0.0555,149.4,-1.25570701687732,2.17435059747938
"Mammalia","Primates","Cheirogaleidae","Microcebus","murinus","Schmid & Speakman 2000",0.063,103.03,-1.20065945054642,2.01296369982578
"Mammalia","Primates","Cheirogaleidae","Microcebus","murinus","Schmid & Speakman 2000",0.0385,86.5,-1.4145392704915,1.93701610746481
"Mammalia","Primates","Cheirogaleidae","Microcebus","murinus","Schmid & Speakman 2000",0.07,129.13,-1.15490195998574,2.11102715102617
"Mammalia","Primates","Cheirogaleidae","Microcebus","murinus","Schmid & Speakman 2000",0.054,120.37,-1.26760624017703,2.08051826052712
"Mammalia","Primates","Cheirogaleidae","Microcebus","murinus","Schmid & Speakman 2000",0.063,118.94,-1.20065945054642,2.07532793416326
"Mammalia","Primates","Cheirogaleidae","Microcebus","murinus","Schmid & Speakman 2009",0.0635,100.35,-1.19722627470802,2.0015173768235
"Mammalia","Primates","Cheirogaleidae","Microcebus","murinus","Schmid & Speakman 2009",0.0468,49.63,-1.32975414692588,1.69574427519732
"Mammalia","Primates","Cheirogaleidae","Microcebus","murinus","Schmid & Speakman 2009",0.0485,59.79,-1.31425826139774,1.77662855342015
"Mammalia","Primates","Cheirogaleidae","Microcebus","murinus","Schmid & Speakman 2009",0.051,63.46,-1.29242982390206,1.80250006776439
"Mammalia","Primates","Cheirogaleidae","Microcebus","murinus","Schmid & Speakman 2009",0.0505,71.81,-1.29670862188134,1.85618492672717
"Mammalia","Primates","Cheirogaleidae","Microcebus","murinus","Schmid & Speakman 2009",0.0495,62.1,-1.30539480106643,1.79309160017658
"Mammalia","Primates","Cheirogaleidae","Microcebus","murinus","Schmid & Speakman 2009",0.0525,71.87,-1.27984069659404,1.85654764485675
"Mammalia","Primates","Cheirogaleidae","Microcebus","murinus","Schmid & Speakman 2009",0.075,68.7,-1.1249387366083,1.83695673705955
"Mammalia","Primates","Cheirogaleidae","Microcebus","murinus","Schmid & Speakman 2009",0.0428,79.06,-1.36855623098683,1.89795681000695
"Mammalia","Primates","Cheirogaleidae","Microcebus","murinus","Schmid & Speakman 2009",0.063,56.35,-1.20065945054642,1.75089392038213
"Mammalia","Primates","Cheirogaleidae","Microcebus","murinus","Schmid & Speakman 2009",0.05,76.42,-1.30102999566398,1.88320703335239
"Mammalia","Primates","Cheirogaleidae","Microcebus","murinus","Schmid & Speakman 2009",0.052,69.31,-1.2839966563652,1.84079589884709
"Mammalia","Primates","Cheirogaleidae","Microcebus","murinus","Schmid & Speakman 2009",0.0605,41.67,-1.21824462534753,1.61982350045728
"Mammalia","Primates","Cheirogaleidae","Microcebus","murinus","Schmid & Speakman 2009",0.064,64.88,-1.19382002601611,1.8121108412031
"Mammalia","Primates","Cheirogaleidae","Microcebus","murinus","Schmid & Speakman 2009",0.071,94.61,-1.14874165128092,1.97593704248311
"Mammalia","Primates","Cheirogaleidae","Microcebus","murinus","Schmid & Speakman 2009",0.0648,74.26,-1.18842499412941,1.87075494489014
"Mammalia","Primates","Cheirogaleidae","Microcebus","murinus","Schmid & Speakman 2009",0.0605,98.45,-1.21824462534753,1.99321572047414
"Mammalia","Primates","Cheirogaleidae","Microcebus","murinus","Schmid & Speakman 2009",0.051,53.92,-1.29242982390206,1.73174988352726
"Mammalia","Primates","Cheirogaleidae","Microcebus","murinus","Schmid & Speakman 2009",0.0515,47.9,-1.28819277095881,1.68033551341456
"Mammalia","Primates","Cheirogaleidae","Microcebus","murinus","Schmid & Speakman 2009",0.0655,53.45,-1.18375870000822,1.7279477095448
"Mammalia","Monotremata","Tachyglossidae","Tachyglossus","aculeatus","Schmid et al 2003",3.78,766,0.577491799837225,2.8842287696326
"Mammalia","Monotremata","Tachyglossidae","Tachyglossus","aculeatus","Schmid et al 2003",2.69,645,0.429752280002408,2.80955971463527
"Mammalia","Monotremata","Tachyglossidae","Tachyglossus","aculeatus","Schmid et al 2003",2.965,720,0.472024697700281,2.85733249643127
"Mammalia","Monotremata","Tachyglossidae","Tachyglossus","aculeatus","Schmid et al 2003",2.925,762,0.466125870418199,2.8819549713396
"Mammalia","Monotremata","Tachyglossidae","Tachyglossus","aculeatus","Schmid et al 2003",3.743,764,0.573219827114422,2.88309335857569
"Mammalia","Monotremata","Tachyglossidae","Tachyglossus","aculeatus","Schmid et al 2003",2.695,850,0.430558769522757,2.92941892571429
"Mammalia","Monotremata","Tachyglossidae","Tachyglossus","aculeatus","Schmid et al 2003",2.715,581,0.433769833924866,2.76417613239033
"Mammalia","Afrosoricida","Chrysochloridae","Eremitalpa","granti","Seymour et al 1998",0.0194,9.52,-1.71219827006977,0.978636948384474
"Mammalia","Afrosoricida","Chrysochloridae","Eremitalpa","granti","Seymour et al 1998",0.0232,14.45,-1.6345120151091,1.15986784709257
"Mammalia","Afrosoricida","Chrysochloridae","Eremitalpa","granti","Seymour et al 1998",0.0261,9.19,-1.58335949266172,0.963315511386111
"Mammalia","Afrosoricida","Chrysochloridae","Eremitalpa","granti","Seymour et al 1998",0.0158,8.21,-1.80134291304558,0.914343157119441
"Mammalia","Afrosoricida","Chrysochloridae","Eremitalpa","granti","Seymour et al 1998",0.0225,15.71,-1.64781748188864,1.19617618503997
"Mammalia","Afrosoricida","Chrysochloridae","Eremitalpa","granti","Seymour et al 1998",0.0214,15.3,-1.66958622665081,1.1846914308176
"Mammalia","Afrosoricida","Chrysochloridae","Eremitalpa","granti","Seymour et al 1998",0.0187,11.49,-1.7281583934635,1.06032002868829
"Mammalia","Afrosoricida","Chrysochloridae","Eremitalpa","granti","Seymour et al 1998",0.0212,12.08,-1.67366413907125,1.08206693428511
"Mammalia","Afrosoricida","Chrysochloridae","Eremitalpa","granti","Seymour et al 1998",0.0236,12.22,-1.62708799702989,1.08707120590654
"Mammalia","Afrosoricida","Chrysochloridae","Eremitalpa","granti","Seymour et al 1998",0.0179,9.84,-1.74714696902011,0.992995098431341
"Mammalia","Afrosoricida","Chrysochloridae","Eremitalpa","granti","Seymour et al 1998",0.0177,19.13,-1.75202673363819,1.2817149700273
"Mammalia","Lagomorpha","Leporidae","Lepus","americanus","Sheriff et al 2009",1.3,777,0.113943352306837,2.89042101880091
"Mammalia","Lagomorpha","Leporidae","Lepus","americanus","Sheriff et al 2009",1.7,1010,0.230448921378274,3.00432137378264
"Mammalia","Lagomorpha","Leporidae","Lepus","americanus","Sheriff et al 2009",1.26,1060,0.100370545117563,3.02530586526477
"Mammalia","Lagomorpha","Leporidae","Lepus","americanus","Sheriff et al 2009",1.32,1180,0.12057393120585,3.07188200730613
"Mammalia","Lagomorpha","Leporidae","Lepus","americanus","Sheriff et al 2009",1.34,1170,0.127104798364808,3.06818586174616
"Mammalia","Lagomorpha","Leporidae","Lepus","americanus","Sheriff et al 2009",1.53,1190,0.184691430817599,3.07554696139253
"Mammalia","Lagomorpha","Leporidae","Lepus","americanus","Sheriff et al 2009",1.08,841,0.0334237554869497,2.92479599579791
"Mammalia","Lagomorpha","Leporidae","Lepus","americanus","Sheriff et al 2009",1.23,791,0.0899051114393979,2.89817648349768
"Mammalia","Lagomorpha","Leporidae","Lepus","americanus","Sheriff et al 2009",1.29,915,0.110589710299249,2.96142109406645
"Mammalia","Lagomorpha","Leporidae","Lepus","americanus","Sheriff et al 2009",1.28,959,0.107209969647868,2.98181860717066
"Mammalia","Lagomorpha","Leporidae","Lepus","americanus","Sheriff et al 2009",1.23,1070,0.0899051114393979,3.02938377768521
"Mammalia","Lagomorpha","Leporidae","Lepus","americanus","Sheriff et al 2009",1.31,914,0.117271295655764,2.96094619573383
"Mammalia","Lagomorpha","Leporidae","Lepus","americanus","Sheriff et al 2009",1.4,964,0.146128035678238,2.98407703390283
"Mammalia","Lagomorpha","Leporidae","Lepus","americanus","Sheriff et al 2009",1.31,1000,0.117271295655764,3
"Mammalia","Lagomorpha","Leporidae","Lepus","americanus","Sheriff et al 2009",1.32,897,0.12057393120585,2.95279244304409
"Mammalia","Lagomorpha","Leporidae","Lepus","americanus","Sheriff et al 2009",1.35,818,0.130333768495006,2.91275330367132
"Mammalia","Lagomorpha","Leporidae","Lepus","americanus","Sheriff et al 2009",1.42,1100,0.152288344383056,3.04139268515822
"Mammalia","Lagomorpha","Leporidae","Lepus","americanus","Sheriff et al 2009",1.43,1110,0.155336037465062,3.04532297878666
"Mammalia","Lagomorpha","Leporidae","Lepus","americanus","Sheriff et al 2009",1.44,1010,0.15836249209525,3.00432137378264
"Mammalia","Lagomorpha","Leporidae","Lepus","americanus","Sheriff et al 2009",1.54,948,0.187520720836463,2.97680833733807
"Mammalia","Primates","Lemuridae","Eulemur","fulvus","Simmen et al 2010",1.688,611,0.227372442289636,2.78604121024255
"Mammalia","Primates","Lemuridae","Eulemur","fulvus","Simmen et al 2010",1.582,582,0.199206479161658,2.76492298464989
"Mammalia","Primates","Lemuridae","Eulemur","fulvus","Simmen et al 2010",2.172,700,0.336859820916809,2.84509804001426
"Mammalia","Primates","Lemuridae","Eulemur","fulvus","Simmen et al 2010",1.966,622,0.293583513496117,2.79379038469082
"Mammalia","Primates","Lemuridae","Eulemur","fulvus","Simmen et al 2010",2.038,528,0.309204179670408,2.72263392253381
"Mammalia","Primates","Lemuridae","Eulemur","fulvus","Simmen et al 2010",1.806,540,0.256717745977487,2.73239375982297
"Mammalia","Primates","Lemuridae","Eulemur","fulvus","Simmen et al 2010",1.806,477,0.256717745977487,2.67851837904011
"Mammalia","Primates","Lemuridae","Eulemur","fulvus","Simmen et al 2010",1.11,434,0.0453229787866575,2.63748972951251
"Mammalia","Primates","Lemuridae","Eulemur","fulvus","Simmen et al 2010",1.582,606,0.199206479161658,2.78247262416629
"Mammalia","Primates","Lemuridae","Eulemur","fulvus","Simmen et al 2010",1.762,695,0.246005904076029,2.84198480459011
"Mammalia","Primates","Lemuridae","Eulemur","fulvus","Simmen et al 2010",1.674,553,0.223755453657241,2.7427251313047
"Mammalia","Primates","Lemuridae","Eulemur","fulvus","Simmen et al 2010",2.166,791,0.335658452289302,2.89817648349768
"Mammalia","Primates","Lemuridae","Lemur","catta","Simmen et al 2010",1.77,460,0.247973266361807,2.66275783168157
"Mammalia","Primates","Lemuridae","Lemur","catta","Simmen et al 2010",2.088,592,0.319730494330225,2.77232170672292
"Mammalia","Primates","Lemuridae","Lemur","catta","Simmen et al 2010",2.206,859,0.343605508104172,2.93399316383124
"Mammalia","Primates","Lemuridae","Lemur","catta","Simmen et al 2010",2.122,680,0.326745379565322,2.83250891270624
"Mammalia","Primates","Lemuridae","Lemur","catta","Simmen et al 2010",2.41,440,0.382017042574868,2.64345267648619
"Mammalia","Primates","Lemuridae","Lemur","catta","Simmen et al 2010",2.438,635,0.387033701282363,2.80277372529198
"Mammalia","Primates","Lemuridae","Lemur","catta","Simmen et al 2010",2.504,497,0.398634324538392,2.69635638873333
"Mammalia","Primates","Lemuridae","Lemur","catta","Simmen et al 2010",2.38,736,0.376576957056512,2.8668778143375
"Mammalia","Primates","Lemuridae","Lemur","catta","Simmen et al 2010",2.038,532,0.309204179670408,2.72591163229505
"Mammalia","Primates","Lemuridae","Lemur","catta","Simmen et al 2010",2.646,771,0.422589839851482,2.88705437805096
"Mammalia","Chiroptera","Phyllostomidae","Carollia","brevicauda","Voigt et al 2006",0.009,43.7,-2.04575749056068,1.64048143697042
"Mammalia","Chiroptera","Phyllostomidae","Carollia","brevicauda","Voigt et al 2006",0.0087,46.4,-2.06048074738138,1.66651798055488
"Mammalia","Chiroptera","Phyllostomidae","Carollia","brevicauda","Voigt et al 2006",0.0079,39.5,-2.10237290870956,1.59659709562646
"Mammalia","Chiroptera","Phyllostomidae","Carollia","brevicauda","Voigt et al 2006",0.009,43.1,-2.04575749056068,1.63447727016073
"Mammalia","Chiroptera","Phyllostomidae","Carollia","brevicauda","Voigt et al 2006",0.0094,58.1,-2.0268721464003,1.76417613239033
"Mammalia","Chiroptera","Phyllostomidae","Carollia","brevicauda","Voigt et al 2006",0.008,40.6,-2.09691001300806,1.60852603357719
"Mammalia","Chiroptera","Phyllostomidae","Carollia","brevicauda","Voigt et al 2006",0.0085,41,-2.07058107428571,1.61278385671974
"Mammalia","Chiroptera","Phyllostomidae","Carollia","brevicauda","Voigt et al 2006",0.0099,53.9,-2.00436480540245,1.73158876518674
"Mammalia","Chiroptera","Phyllostomidae","Carollia","brevicauda","Voigt et al 2006",0.0082,52.5,-2.08618614761628,1.72015930340596
"Mammalia","Chiroptera","Phyllostomidae","Carollia","brevicauda","Voigt et al 2006",0.0082,38.4,-2.08618614761628,1.58433122436753
"Mammalia","Chiroptera","Phyllostomidae","Glossophaga","commissarisi","Voigt et al 2006",0.0211,55.6,-1.67571754470231,1.74507479158206
"Mammalia","Chiroptera","Phyllostomidae","Glossophaga","commissarisi","Voigt et al 2006",0.0182,40.3,-1.73992861201493,1.60530504614111
"Mammalia","Chiroptera","Phyllostomidae","Glossophaga","commissarisi","Voigt et al 2006",0.0194,51.8,-1.71219827006977,1.71432975974523
"Mammalia","Chiroptera","Phyllostomidae","Glossophaga","commissarisi","Voigt et al 2006",0.0187,53.8,-1.7281583934635,1.73078227566639
"Mammalia","Chiroptera","Phyllostomidae","Glossophaga","commissarisi","Voigt et al 2006",0.0184,40,-1.73518217699046,1.60205999132796
"Mammalia","Chiroptera","Phyllostomidae","Glossophaga","commissarisi","Voigt et al 2006",0.0154,37.6,-1.81247927916354,1.57518784492766
"Mammalia","Chiroptera","Phyllostomidae","Glossophaga","commissarisi","Voigt et al 2006",0.0184,47.5,-1.73518217699046,1.67669360962487
"Mammalia","Chiroptera","Phyllostomidae","Glossophaga","commissarisi","Voigt et al 2006",0.0184,51.3,-1.73518217699046,1.71011736511182
"Mammalia","Chiroptera","Phyllostomidae","Glossophaga","commissarisi","Voigt et al 2006",0.0189,59.3,-1.72353819582676,1.77305469336426
"Mammalia","Chiroptera","Phyllostomidae","Glossophaga","commissarisi","Voigt et al 2006",0.0189,71.2,-1.72353819582676,1.85247999363686
"Mammalia","Chiroptera","Phyllostomidae","Glossophaga","commissarisi","Voigt et al 2006",0.0162,46.4,-1.79048498545737,1.66651798055488
"Mammalia","Chiroptera","Phyllostomidae","Glossophaga","commissarisi","Voigt et al 2006",0.0169,45.3,-1.77211329538633,1.65609820201283
"Mammalia","Chiroptera","Phyllostomidae","Anoura","caudifer","von Helversen & Reyer 1984",0.0114,55.594,-1.94309514866353,1.74502792274212
"Mammalia","Chiroptera","Phyllostomidae","Anoura","caudifer","von Helversen & Reyer 1984",0.011525,49.742,-1.93835906593831,1.69672324316757
"Mammalia","Chiroptera","Phyllostomidae","Anoura","caudifer","von Helversen & Reyer 1984",0.01125,49.324,-1.94884747755262,1.69305828908116
"Mammalia","Chiroptera","Phyllostomidae","Anoura","caudifer","von Helversen & Reyer 1984",0.0115,56.43,-1.93930215964639,1.75151005027004
"Mammalia","Chiroptera","Phyllostomidae","Anoura","caudifer","von Helversen & Reyer 1984",0.011775,53.086,-1.92903908419907,1.72498000273099
"Mammalia","Chiroptera","Phyllostomidae","Anoura","caudifer","von Helversen & Reyer 1984",0.011425,50.16,-1.94214379125811,1.70035752782266
"Mammalia","Diprotodontia","Potoroidae","Aepyprymnus","rufescens","Wallis & Green 1992",2.7,1541.7,0.431363764158987,3.18799987240484
"Mammalia","Diprotodontia","Potoroidae","Aepyprymnus","rufescens","Wallis & Green 1992",2.89,1638.37,0.460897842756548,3.21441198705346
"Mammalia","Diprotodontia","Potoroidae","Aepyprymnus","rufescens","Wallis & Green 1992",2.9,2044.5,0.462397997898956,3.31058711489035
"Mammalia","Diprotodontia","Potoroidae","Aepyprymnus","rufescens","Wallis & Green 1992",3.1,1478.7,0.491361693834273,3.16988007287439
"Mammalia","Diprotodontia","Potoroidae","Aepyprymnus","rufescens","Wallis & Green 1992",2.94,1544.44,0.468347330412157,3.18877104104468
"Mammalia","Diprotodontia","Potoroidae","Aepyprymnus","rufescens","Wallis & Green 1992",2.84,1455.36,0.453318340047038,3.1629704343356
"Mammalia","Diprotodontia","Potoroidae","Aepyprymnus","rufescens","Wallis & Green 1992",2.94,1170.6,0.468347330412157,3.06840851977816
"Mammalia","Diprotodontia","Potoroidae","Aepyprymnus","rufescens","Wallis & Green 1992",2.725,1111.35,0.435366506612661,3.04585085383809
"Mammalia","Diprotodontia","Potoroidae","Aepyprymnus","rufescens","Wallis & Green 1992",3.115,1388.15,0.493458050995188,3.14243639742467
"Mammalia","Carnivora","Hyaenidae","Proteles","cristata","Williams et al 1997",7.678333333,3068.8,0.885266961850182,3.48696858549057
"Mammalia","Carnivora","Hyaenidae","Proteles","cristata","Williams et al 1997",7.8175,2287.7,0.893067889914971,3.35939907218089
"Mammalia","Carnivora","Hyaenidae","Proteles","cristata","Williams et al 1997",9.453714286,2605.957143,0.975602472740679,3.41596726912343
"Mammalia","Carnivora","Hyaenidae","Proteles","cristata","Williams et al 1997",8.1554,2358.34,0.91144526685177,3.37260641716251
"Mammalia","Carnivora","Hyaenidae","Proteles","cristata","Williams et al 1997",8.045,1550.733333,0.905526048435048,3.19053712214393
"Mammalia","Carnivora","Hyaenidae","Proteles","cristata","Williams et al 1997",7.275,1894.35,0.861832997657945,3.27746022230493
"Mammalia","Artiodactyla","Bovidae","Oryx","leucoryx","Williams et al 2001",87.4,9219,1.9415114326344,3.96468381497604
"Mammalia","Artiodactyla","Bovidae","Oryx","leucoryx","Williams et al 2001",90,23331,1.95424250943932,4.36793335367479
"Mammalia","Artiodactyla","Bovidae","Oryx","leucoryx","Williams et al 2001",103.4,18522,2.01452053875792,4.26768787986574
"Mammalia","Artiodactyla","Bovidae","Oryx","leucoryx","Williams et al 2001",67.5,8295,1.82930377283102,3.91881639036038
"Mammalia","Artiodactyla","Bovidae","Oryx","leucoryx","Williams et al 2001",105.4,19614,2.02284061087653,4.29256617096401
"Mammalia","Artiodactyla","Bovidae","Oryx","leucoryx","Williams et al 2001",81.5,10290,1.91115760873998,4.01241537476243
"Mammalia","Artiodactyla","Bovidae","Oryx","leucoryx","Williams et al 2001",59.9,16044,1.77742682238931,4.20531265330961
"Mammalia","Artiodactyla","Bovidae","Oryx","leucoryx","Williams et al 2001",82.2,26166,1.91487181754005,4.41773733705707
"Mammalia","Artiodactyla","Bovidae","Oryx","leucoryx","Williams et al 2001",83.2,9408,1.92012332629072,3.97349730873206
"Mammalia","Artiodactyla","Bovidae","Oryx","leucoryx","Williams et al 2001",91.5,23016,1.96142109406645,4.36202984888227
"Mammalia","Artiodactyla","Bovidae","Oryx","leucoryx","Williams et al 2001",73.1,16527,1.86391737695786,4.21819402709298
"Mammalia","Carnivora","Canidae","Vulpes","rueppellii","Williams et al 2002",1.465,888.7,0.165837624690128,2.94875518016827
"Mammalia","Carnivora","Canidae","Vulpes","rueppellii","Williams et al 2002",1.7,1126.6,0.230448921378274,3.05176974689933
"Mammalia","Carnivora","Canidae","Vulpes","rueppellii","Williams et al 2002",1.645,575.4,0.216165902285993,2.75996985755431
"Mammalia","Carnivora","Canidae","Vulpes","rueppellii","Williams et al 2002",1.638,704.4,0.2143138974244,2.84781934729524
"Mammalia","Carnivora","Canidae","Vulpes","rueppellii","Williams et al 2002",2.079,1352.9,0.317854489331469,3.13126569678003
"Mammalia","Carnivora","Canidae","Vulpes","rueppellii","Williams et al 2002",1.975,1439.9,0.295567099962479,3.15833233170898
"Mammalia","Carnivora","Canidae","Vulpes","vulpes","Winstanley et al 2003",4.12,2396,0.614897216033135,3.37948681371727
"Mammalia","Carnivora","Canidae","Vulpes","vulpes","Winstanley et al 2003",4.38,2388,0.6414741105041,3.37803432245733
